epoch,accuracy,loss,val_accuracy,val_loss
0,0.5059375166893005,1.4207803010940552,0.6819999814033508,1.0422805547714233
1,0.7101874947547913,0.9435958862304688,0.7434166669845581,0.838721752166748
